{"cameraMode":{"drawMode":0,"name":"Shaded","section":"Shading Mode"},"sceneLighting":false,"audioPlay":false,"sceneViewState":{"m_AlwaysRefresh":false,"showFog":true,"showSkybox":true,"showFlares":true,"showImageEffects":true,"showParticleSystems":true,"showVisualEffectGraphs":true,"m_FxEnabled":true},"in2DMode":false,"pivot":{"x":-0.6463203430175781,"y":1.2840551137924195,"z":1.1678051948547364},"rotation":{"x":0.0737231969833374,"y":-0.04646482318639755,"z":0.0034381162840873005,"w":0.9961993098258972},"size":1.8731346130371094,"orthographic":false}