{"cameraMode":{"drawMode":0,"name":"Shaded","section":"Shading Mode"},"sceneLighting":true,"audioPlay":false,"sceneViewState":{"m_AlwaysRefresh":false,"showFog":true,"showSkybox":true,"showFlares":true,"showImageEffects":true,"showParticleSystems":true,"showVisualEffectGraphs":true,"m_FxEnabled":true},"in2DMode":false,"pivot":{"x":1.7720451354980469,"y":-16.038000106811525,"z":51.594871520996097},"rotation":{"x":-0.17202749848365785,"y":-0.015655573457479478,"z":0.002735559130087495,"w":-0.9849678874015808},"size":41.98441696166992,"orthographic":false}